method,granularity,split,accuracy,balanced_accuracy,macro_precision,macro_recall,macro_f1,weighted_f1,coverage,selective_accuracy,overall_accuracy_with_abstain_error,n_truth,n_evaluated,n,ambiguous_truth_count,ambiguous_truth_correct_count,selected_on_development
keygas_fault,fine,development,0.7777777777777778,0.6666666666666666,0.25,0.2857142857142857,0.2653061224489796,0.6825396825396824,0.15254237288135594,0.7777777777777778,0.11864406779661017,59.0,9,,,,False
keygas_fault,coarse,development,0.15254237288135594,0.07894736842105263,0.14285714285714285,0.03383458646616541,0.0547112462006079,0.24666426253155427,1.0,0.15254237288135594,0.15254237288135594,59.0,59,,,,False
keygas_fault,fine,locked_test,0.6666666666666666,0.5,0.17142857142857143,0.2857142857142857,0.21288515406162464,0.5359477124183006,0.2,0.6666666666666666,0.13333333333333333,60.0,12,,,,False
keygas_fault,coarse,locked_test,0.18333333333333332,0.09649122807017545,0.13095238095238096,0.04135338345864662,0.06285714285714286,0.2786666666666667,1.0,0.18333333333333332,0.18333333333333332,60.0,60,,,,False
keygas_fault,fine_ambiguous_tolerant,development,0.09230769230769231,,,,,,0.23076923076923078,0.5454545454545454,0.09230769230769231,,11,65.0,0.0,0.0,False
keygas_fault,fine_ambiguous_tolerant,locked_test,0.1076923076923077,,,,,,0.26153846153846155,0.7,0.1076923076923077,,10,65.0,9.0,0.0,False
iec_fault,fine,development,0.7272727272727273,0.579520697167756,0.437012987012987,0.49673202614379086,0.44428680563134343,0.7164212792555038,0.7457627118644068,0.7272727272727273,0.5423728813559322,59.0,44,,,,False
iec_fault,coarse,development,0.6610169491525424,0.46315789473684205,0.24107142857142858,0.19849624060150375,0.21768707482993196,0.7215496368038741,1.0,0.6610169491525424,0.6610169491525424,59.0,59,,,,False
iec_fault,fine,locked_test,0.6153846153846154,0.810924369747899,0.689795918367347,0.6950780312124849,0.6218923933209648,0.5990009990009989,0.65,0.6153846153846154,0.4,60.0,39,,,,False
iec_fault,coarse,locked_test,0.65,0.45046439628482976,0.2857142857142857,0.1930561698363556,0.2294874832188265,0.7581352496775381,1.0,0.65,0.65,60.0,60,,,,False
iec_fault,fine_ambiguous_tolerant,development,0.4,,,,,,0.7076923076923077,0.5652173913043478,0.4,,46,65.0,0.0,0.0,False
iec_fault,fine_ambiguous_tolerant,locked_test,0.46153846153846156,,,,,,0.6461538461538462,0.7142857142857143,0.46153846153846156,,42,65.0,9.0,7.0,False
rogers_fault,fine,development,0.7647058823529411,0.5714285714285714,0.3186813186813187,0.40816326530612246,0.3477411477411478,0.6815485168426346,0.576271186440678,0.7647058823529411,0.4406779661016949,59.0,34,,,,False
rogers_fault,coarse,development,0.5423728813559322,0.3748538011695907,0.2623626373626374,0.16065162907268174,0.1985636645962733,0.6579310980103169,1.0,0.5423728813559322,0.5423728813559322,59.0,59,,,,False
rogers_fault,fine,locked_test,0.7142857142857143,0.4583333333333333,0.4471243042671614,0.39285714285714285,0.40549450549450544,0.6729670329670329,0.5833333333333334,0.7142857142857143,0.4166666666666667,60.0,35,,,,False
rogers_fault,coarse,locked_test,0.5166666666666667,0.36945304437564497,0.25352907961603616,0.15833701901813355,0.194881231180997,0.6389734582357534,1.0,0.5166666666666667,0.5166666666666667,60.0,60,,,,False
rogers_fault,fine_ambiguous_tolerant,development,0.38461538461538464,,,,,,0.5846153846153846,0.6578947368421053,0.38461538461538464,,38,65.0,0.0,0.0,False
rogers_fault,fine_ambiguous_tolerant,locked_test,0.3230769230769231,,,,,,0.46153846153846156,0.7,0.3230769230769231,,30,65.0,9.0,2.0,False
doernenburg_fault,fine,development,0.59375,0.5,0.3066378066378066,0.42857142857142855,0.35102040816326535,0.4446428571428572,0.5423728813559322,0.59375,0.3220338983050847,59.0,32,,,,False
doernenburg_fault,coarse,development,0.4915254237288136,0.3350877192982456,0.23809523809523808,0.143609022556391,0.1791569086651054,0.6128091136426785,1.0,0.4915254237288136,0.4915254237288136,59.0,59,,,,False
doernenburg_fault,fine,locked_test,0.7222222222222222,0.5,0.34890109890109894,0.42857142857142855,0.38218923933209653,0.6075036075036074,0.6,0.7222222222222222,0.43333333333333335,60.0,36,,,,False
doernenburg_fault,coarse,locked_test,0.6,0.4024767801857585,0.2857142857142857,0.17249004865103937,0.21264069264069266,0.7187070707070707,1.0,0.6,0.6,60.0,60,,,,False
doernenburg_fault,fine_ambiguous_tolerant,development,0.46153846153846156,,,,,,0.6615384615384615,0.6976744186046512,0.46153846153846156,,43,65.0,0.0,0.0,False
doernenburg_fault,fine_ambiguous_tolerant,locked_test,0.27692307692307694,,,,,,0.4307692307692308,0.6428571428571429,0.27692307692307694,,28,65.0,9.0,0.0,False
duval_triangle_fault,fine,development,0.7543859649122807,0.6261904761904763,0.4855644355644356,0.6261904761904763,0.5261526832955404,0.7018379281537177,0.9661016949152542,0.7543859649122807,0.7288135593220338,59.0,57,,,,True
duval_triangle_fault,coarse,development,0.847457627118644,0.6,0.24869482676791646,0.2571428571428572,0.25226540169068906,0.8147137981542812,1.0,0.847457627118644,0.847457627118644,59.0,59,,,,True
duval_triangle_fault,fine,locked_test,0.8135593220338984,0.7189239332096475,0.6811521811521811,0.7189239332096475,0.6941558441558442,0.786979969183359,0.9833333333333333,0.8135593220338984,0.8,60.0,59,,,,True
duval_triangle_fault,coarse,locked_test,0.9166666666666666,0.6666666666666666,0.26062271062271064,0.2857142857142857,0.2722759865617009,0.8854685854685854,1.0,0.9166666666666666,0.9166666666666666,60.0,60,,,,True
duval_triangle_fault,fine_ambiguous_tolerant,development,0.7384615384615385,,,,,,1.0,0.8,0.7384615384615385,,60,65.0,0.0,0.0,False
duval_triangle_fault,fine_ambiguous_tolerant,locked_test,0.7846153846153846,,,,,,1.0,0.796875,0.7846153846153846,,64,65.0,9.0,7.0,False
duval_pentagon_p1_fault,fine,development,0.49019607843137253,0.2824561403508772,0.1836734693877551,0.24210526315789474,0.20423280423280424,0.3914306463326071,0.864406779661017,0.49019607843137253,0.423728813559322,59.0,51,,,,False
duval_pentagon_p1_fault,coarse,development,0.6949152542372882,0.4807017543859649,0.2126984126984127,0.20601503759398496,0.2092664092664093,0.7095739807604216,1.0,0.6949152542372882,0.6949152542372882,59.0,59,,,,False
duval_pentagon_p1_fault,fine,locked_test,0.5576923076923077,0.30050505050505055,0.33333333333333337,0.2575757575757576,0.24285714285714285,0.4887362637362637,0.8666666666666667,0.5576923076923077,0.48333333333333334,60.0,52,,,,False
duval_pentagon_p1_fault,coarse,locked_test,0.7333333333333333,0.5159958720330238,0.24274973147153597,0.22114108801415305,0.23089983022071306,0.7526881720430106,1.0,0.7333333333333333,0.7333333333333333,60.0,60,,,,False
duval_pentagon_p1_fault,fine_ambiguous_tolerant,development,0.49230769230769234,,,,,,1.0,0.5245901639344263,0.49230769230769234,,61,65.0,0.0,0.0,False
duval_pentagon_p1_fault,fine_ambiguous_tolerant,locked_test,0.5076923076923077,,,,,,0.9846153846153847,0.5789473684210527,0.5076923076923077,,57,65.0,9.0,6.0,False
duval_pentagon_p2_fault,fine,development,0.4722222222222222,0.2,0.06938775510204082,0.14285714285714285,0.09340659340659341,0.3087606837606838,0.6101694915254238,0.4722222222222222,0.288135593220339,59.0,36,,,,False
duval_pentagon_p2_fault,coarse,development,0.6949152542372882,0.4807017543859649,0.2126984126984127,0.20601503759398496,0.2092664092664093,0.7095739807604216,1.0,0.6949152542372882,0.6949152542372882,59.0,59,,,,False
duval_pentagon_p2_fault,fine,locked_test,0.5789473684210527,0.2916666666666667,0.22222222222222224,0.16666666666666669,0.14285714285714285,0.4661654135338346,0.6333333333333333,0.5789473684210527,0.36666666666666664,60.0,38,,,,False
duval_pentagon_p2_fault,coarse,locked_test,0.6833333333333333,0.457172342621259,0.23718386876281614,0.19593100398053956,0.21213748657357678,0.7154761904761905,1.0,0.6833333333333333,0.6833333333333333,60.0,60,,,,False
duval_pentagon_p2_fault,fine_ambiguous_tolerant,development,0.3076923076923077,,,,,,1.0,0.5555555555555556,0.3076923076923077,,36,65.0,0.0,0.0,False
duval_pentagon_p2_fault,fine_ambiguous_tolerant,locked_test,0.3076923076923077,,,,,,0.9846153846153847,0.5714285714285714,0.3076923076923077,,35,65.0,9.0,0.0,False
