transformer_id,n_samples,agreement_rate,disagree_count,latest_student_fault,latest_traditional_fault,latest_severity_score,latest_severity_label,latest_sample_day
60492-004,6,0.0,6,CELLULOSE,MIXED,29.200000000000003,CRITICAL,2024-01-19 00:00:00
217841-03,16,0.0,16,THERMAL,T3,26.599999999999998,CRITICAL,2024-03-29 00:00:00
95770,20,0.0,20,THERMAL,MIXED,25.799999999999997,CRITICAL,2024-01-15 00:00:00
8T9670T4,5,0.0,5,CELLULOSE,MIXED,24.400000000000002,CRITICAL,2024-02-08 00:00:00
5A1594001,7,0.0,7,THERMAL,T1,24.4,CRITICAL,2024-03-12 00:00:00
91900005,9,0.0,9,THERMAL,THERMAL_OIL,23.6,CRITICAL,2023-11-26 00:00:00
103827,10,0.0,10,THERMAL,MIXED,23.2,CRITICAL,2023-11-24 00:00:00
8N5451T2,5,0.0,5,CELLULOSE,MIXED,23.0,CRITICAL,2024-05-11 00:00:00
103917,12,0.0,12,THERMAL,MIXED,22.200000000000003,CRITICAL,2024-02-12 00:00:00
217841-04,15,0.0,15,THERMAL,MIXED,22.2,CRITICAL,2024-03-24 00:00:00
EDP011203,6,0.0,6,THERMAL,T1,21.0,CRITICAL,2024-03-08 00:00:00
8T9664T4,5,0.0,5,CELLULOSE,MIXED,20.4,CRITICAL,2024-03-25 00:00:00
8T9668T2,4,0.0,4,CELLULOSE,MIXED,20.4,CRITICAL,2024-06-03 00:00:00
8T9669T2,5,0.0,5,CELLULOSE,MIXED,20.4,CRITICAL,2024-02-08 00:00:00
8T9668T4,5,0.0,5,CELLULOSE,MIXED,20.2,CRITICAL,2024-02-02 00:00:00
60545-001,4,0.0,4,THERMAL,THERMAL_OIL,20.0,CRITICAL,2024-04-20 00:00:00
5BK012301,7,0.0,7,THERMAL,T1,19.8,CRITICAL,2024-02-08 00:00:00
5BK012701,5,0.0,5,THERMAL,THERMAL_OIL,19.8,CRITICAL,2024-02-15 00:00:00
8T9795T2,4,0.0,4,CELLULOSE,MIXED,19.8,CRITICAL,2023-07-10 00:00:00
8T9668T1,4,0.0,4,CELLULOSE,MIXED,19.6,CRITICAL,2024-06-03 00:00:00
95399,9,0.0,9,THERMAL,T1,19.6,CRITICAL,2023-11-24 00:00:00
338027,7,0.0,7,CELLULOSE,MIXED,19.4,CRITICAL,2024-02-26 00:00:00
574409,9,0.0,9,THERMAL,THERMAL_OIL,19.2,CRITICAL,2023-07-17 00:00:00
574415,6,0.0,6,STRAY_GASSING,MIXED,19.0,CRITICAL,2024-06-24 00:00:00
574408,6,0.0,6,THERMAL,THERMAL_OIL,18.8,CRITICAL,2023-07-17 00:00:00
8N5446T2,4,0.0,4,CELLULOSE,MIXED,18.8,CRITICAL,2024-01-20 00:00:00
8N5446T4,5,0.0,5,CELLULOSE,MIXED,18.8,CRITICAL,2024-04-08 00:00:00
8N5449T3,5,0.0,5,CELLULOSE,MIXED,18.8,CRITICAL,2023-03-17 00:00:00
8P8744T2,6,0.0,6,THERMAL,THERMAL_OIL,18.8,CRITICAL,2024-03-08 00:00:00
890900048,4,0.0,4,THERMAL,THERMAL_OIL,18.6,CRITICAL,2024-06-02 00:00:00
535956,6,0.0,6,DISCHARGE,D2,18.2,CRITICAL,2024-01-13 00:00:00
103798,10,0.0,10,CELLULOSE,MIXED,18.0,CRITICAL,2024-06-09 00:00:00
136703,6,0.0,6,THERMAL,T1,18.0,CRITICAL,2023-03-12 00:00:00
573074,5,0.0,5,STRAY_GASSING,MIXED,18.0,CRITICAL,2024-05-24 00:00:00
8P8744T1,6,0.0,6,THERMAL,THERMAL_OIL,18.0,CRITICAL,2024-03-08 00:00:00
8T9788T4,5,0.0,5,NORMAL,T2,18.0,CRITICAL,2023-09-22 00:00:00
EDP011306,6,0.0,6,NORMAL,MIXED,18.0,CRITICAL,2024-02-09 00:00:00
N408177,10,0.0,10,NORMAL,MIXED,18.0,CRITICAL,2024-06-04 00:00:00
338033,6,0.0,6,CELLULOSE,MIXED,17.8,CRITICAL,2024-03-08 00:00:00
5BA159007,4,0.0,4,THERMAL,T1,17.8,CRITICAL,2024-05-10 00:00:00
5BK014201,10,0.0,10,CELLULOSE,MIXED,17.8,CRITICAL,2024-01-20 00:00:00
8R8409T1,5,0.0,5,THERMAL,THERMAL_OIL,17.8,CRITICAL,2024-02-03 00:00:00
103799,10,0.0,10,CELLULOSE,MIXED,17.6,CRITICAL,2024-04-19 00:00:00
7200157,10,0.0,10,THERMAL,T3,17.6,CRITICAL,2023-11-24 00:00:00
8T9788T2,5,0.0,5,CELLULOSE,MIXED,17.6,CRITICAL,2023-07-30 00:00:00
8R8398T1,6,0.0,6,THERMAL,THERMAL_OIL,17.400000000000002,CRITICAL,2024-02-08 00:00:00
840900018,5,0.0,5,NORMAL,T1,17.4,CRITICAL,2024-04-27 00:00:00
275050229801,11,0.0,11,NORMAL,MIXED,17.2,CRITICAL,2024-06-11 00:00:00
5004,5,0.0,5,THERMAL,THERMAL_OIL,17.2,CRITICAL,2023-09-16 00:00:00
5BA159012,4,0.0,4,THERMAL,T1,17.2,CRITICAL,2024-05-10 00:00:00
8946787,10,0.0,10,THERMAL,THERMAL_OIL,17.2,CRITICAL,2023-11-19 00:00:00
574407,6,0.0,6,THERMAL,THERMAL_OIL,17.0,CRITICAL,2023-07-23 00:00:00
5F9902T2,5,0.0,5,THERMAL,T1,17.0,CRITICAL,2024-04-29 00:00:00
5P085-1,6,0.0,6,NORMAL,MIXED,17.0,CRITICAL,2023-03-12 00:00:00
8R8404T1,5,0.0,5,THERMAL,THERMAL_OIL,17.0,CRITICAL,2024-02-02 00:00:00
8R8405T1,4,0.0,4,THERMAL,THERMAL_OIL,17.0,CRITICAL,2024-04-29 00:00:00
8R8407T2,5,0.0,5,THERMAL,THERMAL_OIL,17.0,CRITICAL,2023-04-21 00:00:00
103800,10,0.0,10,CELLULOSE,MIXED,16.8,CRITICAL,2024-04-19 00:00:00
338029,7,0.0,7,THERMAL,MIXED,16.8,CRITICAL,2024-02-24 00:00:00
8N5449T2,6,0.0,6,NORMAL,T3,16.8,CRITICAL,2024-05-12 00:00:00
8R8400T1,5,0.0,5,THERMAL,THERMAL_OIL,16.8,CRITICAL,2024-03-22 00:00:00
8R8406T1,5,0.0,5,THERMAL,THERMAL_OIL,16.8,CRITICAL,2024-02-08 00:00:00
8T9664T3,5,0.0,5,CELLULOSE,MIXED,16.8,CRITICAL,2024-03-25 00:00:00
60908-001,5,0.0,5,CELLULOSE,MIXED,16.4,CRITICAL,2024-05-26 00:00:00
217841-01,16,0.0,16,NORMAL,T1,16.2,CRITICAL,2024-03-29 00:00:00
56037,6,0.0,6,NORMAL,T3,16.2,CRITICAL,2024-02-13 00:00:00
573080,7,0.0,7,THERMAL,THERMAL_OIL,16.2,CRITICAL,2024-06-24 00:00:00
8N5451T3,6,0.0,6,NORMAL,T3,16.2,CRITICAL,2024-05-12 00:00:00
8R8408T1,5,0.0,5,THERMAL,T1,16.2,CRITICAL,2024-04-22 00:00:00
8T9791T1,7,0.0,7,NORMAL,T1,16.2,CRITICAL,2023-11-09 00:00:00
95401,9,0.0,9,THERMAL,T1,16.2,CRITICAL,2023-11-26 00:00:00
AN69003T5,5,0.0,5,THERMAL,THERMAL_OIL,16.2,CRITICAL,2024-05-10 00:00:00
H67440-03,6,0.0,6,THERMAL,THERMAL_OIL,16.2,CRITICAL,2024-04-07 00:00:00
573070,3,0.0,3,THERMAL,THERMAL_OIL,16.0,CRITICAL,2024-05-11 00:00:00
60492-001,6,0.0,6,THERMAL,T1,16.0,CRITICAL,2024-02-14 00:00:00
60548-001,6,0.0,6,THERMAL,T1,16.0,CRITICAL,2023-09-17 00:00:00
8P9096T1,5,0.0,5,THERMAL,T1,16.0,CRITICAL,2024-04-19 00:00:00
8R8399T1,4,0.0,4,THERMAL,THERMAL_OIL,16.0,CRITICAL,2024-03-16 00:00:00
94441,17,0.0,17,THERMAL,MIXED,16.0,CRITICAL,2023-11-24 00:00:00
8134150101,14,0.0,14,THERMAL,THERMAL_OIL,15.8,CRITICAL,2024-02-08 00:00:00
8R8410T1,5,0.0,5,THERMAL,THERMAL_OIL,15.8,CRITICAL,2023-11-24 00:00:00
8R8411T2,5,0.0,5,THERMAL,THERMAL_OIL,15.8,CRITICAL,2024-05-26 00:00:00
8T9670T2,5,0.0,5,CELLULOSE,MIXED,15.799999999999999,CRITICAL,2024-03-09 00:00:00
57015,4,0.0,4,CELLULOSE,MIXED,15.600000000000001,CRITICAL,2024-05-18 00:00:00
57016,6,0.0,6,CELLULOSE,MIXED,15.600000000000001,CRITICAL,2024-05-18 00:00:00
8N5450T1,4,0.0,4,CELLULOSE,MIXED,15.600000000000001,CRITICAL,2024-01-19 00:00:00
8N5450T2,5,0.0,5,NORMAL,MIXED,15.600000000000001,CRITICAL,2024-02-10 00:00:00
8N5450T3,5,0.0,5,NORMAL,MIXED,15.600000000000001,CRITICAL,2024-02-10 00:00:00
8T9788T3,5,0.0,5,NORMAL,T1,15.600000000000001,CRITICAL,2023-09-21 00:00:00
8T9796T2,7,0.0,7,CELLULOSE,MIXED,15.600000000000001,CRITICAL,2024-01-11 00:00:00
535959,7,0.0,7,DISCHARGE,D1,15.6,CRITICAL,2023-07-28 00:00:00
60545-003,7,0.0,7,THERMAL,THERMAL_OIL,15.6,CRITICAL,2024-02-25 00:00:00
8P9088T2,5,0.0,5,THERMAL,THERMAL_OIL,15.6,CRITICAL,2024-03-09 00:00:00
8R8395T2,5,0.0,5,THERMAL,THERMAL_OIL,15.6,CRITICAL,2023-05-25 00:00:00
9816102102,11,0.0,11,THERMAL,T2,15.6,CRITICAL,2024-03-03 00:00:00
98900014,8,0.0,8,CELLULOSE,MIXED,15.6,CRITICAL,2024-03-10 00:00:00
EDP011301,5,0.0,5,NORMAL,T1,15.6,CRITICAL,2024-04-19 00:00:00
8N5446T3,5,0.0,5,CELLULOSE,MIXED,15.4,CRITICAL,2023-03-08 00:00:00
98900013,8,0.0,8,THERMAL,MIXED,15.4,CRITICAL,2024-03-10 00:00:00
EDP001201,5,0.0,5,THERMAL,THERMAL_OIL,15.4,CRITICAL,2024-05-25 00:00:00
56046,6,0.0,6,NORMAL,MIXED,15.399999999999999,CRITICAL,2023-11-19 00:00:00
57018,6,0.0,6,NORMAL,T3,15.399999999999999,CRITICAL,2024-04-20 00:00:00
57019,5,0.0,5,NORMAL,T3,15.399999999999999,CRITICAL,2024-03-08 00:00:00
8N5451T4,3,0.0,3,NORMAL,MIXED,15.399999999999999,CRITICAL,2024-06-02 00:00:00
8T9670T3,5,0.0,5,NORMAL,T3,15.399999999999999,CRITICAL,2024-01-26 00:00:00
EDP011305,5,0.0,5,NORMAL,MIXED,15.399999999999999,CRITICAL,2024-02-09 00:00:00
50002,5,0.0,5,THERMAL,T1,15.2,CRITICAL,2024-01-19 00:00:00
57025,6,0.0,6,NORMAL,MIXED,15.2,CRITICAL,2023-04-02 00:00:00
60491-001,7,0.0,7,THERMAL,THERMAL_OIL,15.2,CRITICAL,2023-09-17 00:00:00
AG69095T412,6,0.0,6,THERMAL,THERMAL_OIL,15.2,CRITICAL,2024-02-26 00:00:00
T943017,4,0.0,4,THERMAL,THERMAL_OIL,15.2,CRITICAL,2023-08-14 00:00:00
338026,8,0.0,8,CELLULOSE,MIXED,15.0,CRITICAL,2024-02-26 00:00:00
5BK013202,14,0.0,14,STRAY_GASSING,MIXED,15.0,CRITICAL,2023-11-23 00:00:00
5BK014062,5,0.0,5,THERMAL,T1,15.0,CRITICAL,2024-03-10 00:00:00
8P8746T1,6,0.0,6,THERMAL,THERMAL_OIL,15.0,CRITICAL,2024-04-21 00:00:00
8R8403T2,5,0.0,5,STRAY_GASSING,MIXED,15.0,CRITICAL,2024-05-11 00:00:00
AN69003T3-2,8,0.0,8,THERMAL,THERMAL_OIL,15.0,CRITICAL,2024-03-03 00:00:00
EDP011901,5,0.0,5,NORMAL,MIXED,15.0,CRITICAL,2023-02-24 00:00:00
N407930,6,0.0,6,CELLULOSE,MIXED,15.0,CRITICAL,2024-03-10 00:00:00
890900047,3,0.0,3,STRAY_GASSING,MIXED,14.8,CRITICAL,2023-05-14 00:00:00
AN69001T31,6,0.0,6,THERMAL,T1,14.600000000000001,CRITICAL,2024-05-24 00:00:00
11135212,10,0.0,10,NORMAL,MIXED,14.6,CRITICAL,2023-11-27 00:00:00
338032,8,0.0,8,THERMAL,MIXED,14.6,CRITICAL,2024-02-27 00:00:00
8946786,10,0.0,10,NORMAL,MIXED,14.6,CRITICAL,2023-11-26 00:00:00
8R8401T1,4,0.0,4,THERMAL,THERMAL_OIL,14.6,CRITICAL,2024-06-03 00:00:00
8R9911T5,5,0.0,5,THERMAL,THERMAL_OIL,14.6,CRITICAL,2024-05-26 00:00:00
8251593,9,0.0,9,STRAY_GASSING,MIXED,14.4,CRITICAL,2024-02-08 00:00:00
8P9093T2,5,0.0,5,THERMAL,THERMAL_OIL,14.4,CRITICAL,2024-02-18 00:00:00
98900016,10,0.0,10,CELLULOSE,MIXED,14.399999999999999,CRITICAL,2024-02-04 00:00:00
EDP011206,5,0.0,5,NORMAL,MIXED,14.399999999999999,CRITICAL,2024-01-27 00:00:00
21784109,10,0.0,10,NORMAL,T1,14.2,CRITICAL,2024-07-07 00:00:00
21784113,10,0.0,10,NORMAL,T1,14.2,CRITICAL,2024-07-07 00:00:00
504004,11,0.0,11,THERMAL,MIXED,14.2,CRITICAL,2024-03-09 00:00:00
56031,5,0.0,5,NORMAL,T3,14.2,CRITICAL,2024-06-22 00:00:00
56041,6,0.0,6,NORMAL,MIXED,14.2,CRITICAL,2024-01-18 00:00:00
573081,6,0.0,6,STRAY_GASSING,MIXED,14.2,CRITICAL,2024-02-12 00:00:00
60494001,5,0.0,5,THERMAL,T1,14.2,CRITICAL,2023-11-25 00:00:00
8P9094T1,5,0.0,5,THERMAL,THERMAL_OIL,14.2,CRITICAL,2024-01-22 00:00:00
T943016,4,0.0,4,THERMAL,THERMAL_OIL,14.2,CRITICAL,2023-08-14 00:00:00
T943038,6,0.0,6,THERMAL,THERMAL_OIL,14.2,CRITICAL,2023-11-09 00:00:00
21784115,10,0.0,10,NORMAL,MIXED,14.0,CRITICAL,2023-11-27 00:00:00
28122,9,0.0,9,CELLULOSE,MIXED,14.0,CRITICAL,2024-05-30 00:00:00
573073,5,0.0,5,STRAY_GASSING,MIXED,14.0,CRITICAL,2024-05-24 00:00:00
890900044,5,0.0,5,THERMAL,T1,14.0,CRITICAL,2023-06-16 00:00:00
8946783,13,0.0,13,STRAY_GASSING,MIXED,14.0,CRITICAL,2024-06-11 00:00:00
8P9088T1,5,0.0,5,STRAY_GASSING,MIXED,14.0,CRITICAL,2024-03-09 00:00:00
8R8407T1,5,0.0,5,THERMAL,THERMAL_OIL,14.0,CRITICAL,2023-04-21 00:00:00
8T9669T1,5,0.0,5,NORMAL,T3,14.0,CRITICAL,2024-02-08 00:00:00
AG69095T321,6,0.0,6,THERMAL,THERMAL_OIL,14.0,CRITICAL,2023-07-14 00:00:00
EDP001301,6,0.0,6,NORMAL,MIXED,14.0,CRITICAL,2024-01-16 00:00:00
5BK010701,11,0.0,11,THERMAL,THERMAL_OIL,13.8,CRITICAL,2023-12-09 00:00:00
5BK012401,11,0.0,11,THERMAL,T1,13.8,CRITICAL,2024-03-09 00:00:00
8N5449T1,5,0.0,5,NORMAL,T3,13.8,CRITICAL,2024-04-08 00:00:00
H67440-05,6,0.0,6,THERMAL,THERMAL_OIL,13.8,CRITICAL,2024-02-12 00:00:00
S251401,11,0.0,11,NORMAL,MIXED,13.799999999999999,CRITICAL,2023-11-19 00:00:00
554711,11,0.0,11,THERMAL,THERMAL_OIL,13.6,CRITICAL,2024-06-21 00:00:00
5899717,2,0.0,2,NORMAL,MIXED,13.6,CRITICAL,2020-01-23 00:00:00
8P8747T1,4,0.0,4,THERMAL,THERMAL_OIL,13.6,CRITICAL,2023-06-16 00:00:00
56047,5,0.0,5,CELLULOSE,MIXED,13.4,CRITICAL,2023-08-26 00:00:00
574406,6,0.0,6,STRAY_GASSING,MIXED,13.4,CRITICAL,2023-09-17 00:00:00
890900046,3,0.0,3,STRAY_GASSING,MIXED,13.4,CRITICAL,2023-05-14 00:00:00
9047372,10,0.0,10,THERMAL,T1,13.4,CRITICAL,2023-11-23 00:00:00
57023,7,0.0,7,CELLULOSE,MIXED,13.200000000000001,CRITICAL,2024-02-02 00:00:00
EDP011308,5,0.0,5,CELLULOSE,MIXED,13.200000000000001,CRITICAL,2024-02-18 00:00:00
8N5449T4,5,0.0,5,CELLULOSE,MIXED,13.2,CRITICAL,2023-05-21 00:00:00
8R8397T1,5,0.0,5,THERMAL,T1,13.2,CRITICAL,2024-02-08 00:00:00
AE69025T7-2,8,0.0,8,THERMAL,THERMAL_OIL,13.2,CRITICAL,2024-05-11 00:00:00
217841-06,15,0.0,15,NORMAL,MIXED,13.0,CRITICAL,2024-03-29 00:00:00
21784110,10,0.0,10,NORMAL,MIXED,13.0,CRITICAL,2024-07-07 00:00:00
558031,2,0.0,2,THERMAL,T1,13.0,CRITICAL,2024-01-25 00:00:00
56040,6,0.0,6,NORMAL,T3,13.0,CRITICAL,2024-02-08 00:00:00
57021,5,0.0,5,NORMAL,T2,13.0,CRITICAL,2024-04-22 00:00:00
5899719,2,0.0,2,STRAY_GASSING,MIXED,13.0,CRITICAL,2020-01-23 00:00:00
7853997,10,0.0,10,NORMAL,MIXED,13.0,CRITICAL,2023-11-06 00:00:00
8R8409T2,5,0.0,5,STRAY_GASSING,MIXED,13.0,CRITICAL,2024-02-03 00:00:00
EDP012001,5,0.0,5,NORMAL,MIXED,13.0,CRITICAL,2023-08-05 00:00:00
103724,9,0.0,9,NORMAL,MIXED,12.8,WARNING,2024-04-20 00:00:00
21784117,10,0.0,10,NORMAL,MIXED,12.8,WARNING,2023-11-27 00:00:00
275050119601,11,0.0,11,NORMAL,MIXED,12.8,WARNING,2023-07-01 00:00:00
56032,4,0.0,4,NORMAL,T3,12.8,WARNING,2024-06-08 00:00:00
57028,5,0.0,5,NORMAL,MIXED,12.8,WARNING,2023-04-02 00:00:00
5BK012702,5,0.0,5,STRAY_GASSING,MIXED,12.8,WARNING,2024-02-15 00:00:00
8N5451T1,2,0.0,2,NORMAL,MIXED,12.8,WARNING,2024-01-25 00:00:00
8P9103T2,6,0.0,6,THERMAL,THERMAL_OIL,12.8,WARNING,2023-09-23 00:00:00
8S9483T1,5,0.0,5,THERMAL,THERMAL_OIL,12.8,WARNING,2024-03-22 00:00:00
9047126,10,0.0,10,STRAY_GASSING,MIXED,12.8,WARNING,2023-11-23 00:00:00
A1E69002T1,9,0.0,9,NORMAL,MIXED,12.8,WARNING,2024-02-10 00:00:00
A1Z69040T2,8,0.0,8,STRAY_GASSING,MIXED,12.8,WARNING,2024-05-24 00:00:00
AX69026T3,10,0.0,10,STRAY_GASSING,MIXED,12.8,WARNING,2023-11-20 00:00:00
EDP011303,5,0.0,5,NORMAL,MIXED,12.8,WARNING,2023-02-03 00:00:00
60546-001,5,0.0,5,NORMAL,MIXED,12.799999999999999,WARNING,2024-03-23 00:00:00
8329837,7,0.0,7,NORMAL,MIXED,12.799999999999999,WARNING,2024-05-10 00:00:00
5BA159010,5,0.0,5,CELLULOSE,MIXED,12.600000000000001,WARNING,2024-02-09 00:00:00
96183,9,0.0,9,CELLULOSE,MIXED,12.600000000000001,WARNING,2024-06-04 00:00:00
57017,5,0.0,5,NORMAL,MIXED,12.6,WARNING,2024-04-29 00:00:00
5BK014001,9,0.0,9,THERMAL,T1,12.6,WARNING,2024-03-23 00:00:00
8P9087T1,4,0.0,4,THERMAL,THERMAL_OIL,12.6,WARNING,2023-03-24 00:00:00
8R8403T1,5,0.0,5,THERMAL,THERMAL_OIL,12.6,WARNING,2024-06-07 00:00:00
8T9788T1,5,0.0,5,NORMAL,T3,12.6,WARNING,2023-07-30 00:00:00
91900007,11,0.0,11,THERMAL,THERMAL_OIL,12.6,WARNING,2024-03-06 00:00:00
EDP011204,5,0.0,5,NORMAL,MIXED,12.6,WARNING,2024-01-29 00:00:00
550269,9,0.0,9,THERMAL,THERMAL_OIL,12.4,WARNING,2024-04-08 00:00:00
5A0493001,8,0.0,8,STRAY_GASSING,MIXED,12.4,WARNING,2024-05-10 00:00:00
5BK013801,11,0.0,11,THERMAL,MIXED,12.4,WARNING,2024-02-19 00:00:00
275050219601,10,0.0,10,NORMAL,MIXED,12.200000000000001,WARNING,2023-07-01 00:00:00
5A0179002,5,0.0,5,THERMAL,T1,12.200000000000001,WARNING,2024-04-09 00:00:00
573091,8,0.0,8,STRAY_GASSING,MIXED,12.2,WARNING,2024-04-20 00:00:00
574410,6,0.0,6,STRAY_GASSING,MIXED,12.2,WARNING,2024-01-17 00:00:00
890900042,3,0.0,3,STRAY_GASSING,MIXED,12.2,WARNING,2021-12-18 00:00:00
8P8745T1,5,0.0,5,STRAY_GASSING,MIXED,12.2,WARNING,2023-11-19 00:00:00
8R8411T1,4,0.0,4,THERMAL,THERMAL_OIL,12.2,WARNING,2024-05-25 00:00:00
573068,2,0.0,2,THERMAL,THERMAL_OIL,12.0,WARNING,2020-06-28 00:00:00
60542-002,6,0.0,6,STRAY_GASSING,MIXED,12.0,WARNING,2024-01-13 00:00:00
95769,14,0.0,14,NORMAL,T1,12.0,WARNING,2023-12-16 00:00:00
AE69025T2,3,0.0,3,THERMAL,T1,12.0,WARNING,2024-06-22 00:00:00
103916,9,0.0,9,NORMAL,T1,11.8,WARNING,2023-07-01 00:00:00
217841-02,15,0.0,15,NORMAL,MIXED,11.8,WARNING,2024-03-29 00:00:00
217841-05,15,0.0,15,NORMAL,MIXED,11.8,WARNING,2024-03-29 00:00:00
21784108,9,0.0,9,NORMAL,T1,11.8,WARNING,2024-07-07 00:00:00
21784114,10,0.0,10,NORMAL,T1,11.8,WARNING,2024-07-07 00:00:00
558035,7,0.0,7,THERMAL,T1,11.8,WARNING,2024-01-19 00:00:00
5BK012801,6,0.0,6,THERMAL,T1,11.8,WARNING,2024-03-10 00:00:00
890900045,3,0.0,3,STRAY_GASSING,MIXED,11.8,WARNING,2021-12-18 00:00:00
8R8394T1,5,0.0,5,STRAY_GASSING,MIXED,11.8,WARNING,2024-01-18 00:00:00
8T9669T3,5,0.0,5,NORMAL,MIXED,11.8,WARNING,2023-05-21 00:00:00
8T9670T1,5,0.0,5,NORMAL,T2,11.8,WARNING,2024-03-09 00:00:00
8T9796T1,6,0.0,6,NORMAL,MIXED,11.8,WARNING,2024-01-11 00:00:00
407922,7,0.0,7,NORMAL,T2,11.799999999999999,WARNING,2024-01-21 00:00:00
890900050,5,0.0,5,NORMAL,T2,11.799999999999999,WARNING,2023-04-28 00:00:00
89900048,7,0.0,7,NORMAL,MIXED,11.799999999999999,WARNING,2023-09-07 00:00:00
N422375,2,0.0,2,NORMAL,MIXED,11.799999999999999,WARNING,2023-11-16 00:00:00
504005,11,0.0,11,THERMAL,MIXED,11.600000000000001,WARNING,2024-03-09 00:00:00
558034,6,0.0,6,THERMAL,T1,11.600000000000001,WARNING,2024-02-26 00:00:00
56043,7,0.0,7,NORMAL,T3,11.6,WARNING,2024-01-12 00:00:00
573088,5,0.0,5,STRAY_GASSING,MIXED,11.6,WARNING,2024-02-04 00:00:00
5BK012802,9,0.0,9,THERMAL,T1,11.6,WARNING,2024-04-08 00:00:00
8P9106T1,5,0.0,5,THERMAL,THERMAL_OIL,11.6,WARNING,2023-10-06 00:00:00
8R9911T1,6,0.0,6,THERMAL,THERMAL_OIL,11.6,WARNING,2023-03-13 00:00:00
94442,17,0.0,17,THERMAL,MIXED,11.6,WARNING,2023-11-24 00:00:00
EDP011903,6,0.0,6,NORMAL,MIXED,11.6,WARNING,2024-01-17 00:00:00
8T9668T3,4,0.0,4,NORMAL,T3,11.4,WARNING,2023-05-25 00:00:00
GBK600003,10,0.0,10,NORMAL,T1,11.4,WARNING,2023-11-12 00:00:00
5BK014301,10,0.0,10,NORMAL,MIXED,11.399999999999999,WARNING,2024-04-19 00:00:00
EDP011904,5,0.0,5,NORMAL,MIXED,11.399999999999999,WARNING,2024-02-02 00:00:00
69001T21-2,5,0.0,5,STRAY_GASSING,MIXED,11.2,WARNING,2023-07-14 00:00:00
8P9098T1,6,0.0,6,STRAY_GASSING,MIXED,11.2,WARNING,2024-02-15 00:00:00
9374740101,11,0.0,11,STRAY_GASSING,MIXED,11.2,WARNING,2023-11-27 00:00:00
AG69095T434,6,0.0,6,STRAY_GASSING,MIXED,11.2,WARNING,2024-01-20 00:00:00
EDP011304,5,0.0,5,NORMAL,MIXED,11.2,WARNING,2023-02-03 00:00:00
145496,5,0.0,5,NORMAL,MIXED,11.0,WARNING,2023-03-19 00:00:00
573071,3,0.0,3,STRAY_GASSING,MIXED,11.0,WARNING,2023-01-15 00:00:00
8946784,11,0.0,11,NORMAL,MIXED,11.0,WARNING,2024-06-11 00:00:00
AQ69061T41,9,0.0,9,STRAY_GASSING,MIXED,11.0,WARNING,2024-06-23 00:00:00
275050239601,11,0.0,11,NORMAL,MIXED,10.8,WARNING,2024-06-11 00:00:00
338025,5,0.0,5,NORMAL,T1,10.8,WARNING,2024-02-03 00:00:00
528571,6,0.0,6,CELLULOSE,MIXED,10.8,WARNING,2024-02-15 00:00:00
57022,5,0.0,5,CELLULOSE,MIXED,10.8,WARNING,2024-03-08 00:00:00
A1Z69040T3,11,0.0,11,STRAY_GASSING,MIXED,10.8,WARNING,2024-04-21 00:00:00
AN69050T1,7,0.0,7,THERMAL,T1,10.8,WARNING,2023-07-23 00:00:00
92198,12,0.0,12,NORMAL,MIXED,10.799999999999999,WARNING,2024-04-28 00:00:00
103922,9,0.0,9,NORMAL,MIXED,10.600000000000001,WARNING,2023-07-01 00:00:00
8T9792T3,6,0.0,6,NORMAL,T3,10.600000000000001,WARNING,2024-01-21 00:00:00
573082,5,0.0,5,STRAY_GASSING,MIXED,10.6,WARNING,2024-04-20 00:00:00
8N5450T4,2,0.0,2,NORMAL,T1,10.6,WARNING,2024-01-25 00:00:00
AG69095T313,6,0.0,6,THERMAL,T1,10.6,WARNING,2023-07-16 00:00:00
408525,13,0.0,13,NORMAL,T2,10.4,WARNING,2024-02-15 00:00:00
57029,5,0.0,5,NORMAL,T2,10.4,WARNING,2023-11-23 00:00:00
60540-001,7,0.0,7,THERMAL,THERMAL_OIL,10.4,WARNING,2024-03-05 00:00:00
8P9101T1,6,0.0,6,THERMAL,THERMAL_OIL,10.4,WARNING,2024-03-01 00:00:00
A1E69002T2,10,0.0,10,NORMAL,T1,10.4,WARNING,2024-02-04 00:00:00
9711291103,11,0.0,11,CELLULOSE,MIXED,10.200000000000001,WARNING,2024-03-04 00:00:00
56042,6,0.0,6,NORMAL,MIXED,10.2,WARNING,2024-01-18 00:00:00
60548002,6,0.0,6,THERMAL,THERMAL_OIL,10.2,WARNING,2023-10-02 00:00:00
890900053,6,0.0,6,NORMAL,MIXED,10.2,WARNING,2024-02-03 00:00:00
9274730101,9,0.0,9,NORMAL,MIXED,10.2,WARNING,2024-05-27 00:00:00
AN69003T4-2,5,0.0,5,THERMAL,THERMAL_OIL,10.2,WARNING,2023-05-21 00:00:00
EDP011201,6,0.0,6,NORMAL,MIXED,10.2,WARNING,2024-01-14 00:00:00
GBK600004,10,0.0,10,NORMAL,MIXED,10.2,WARNING,2023-11-17 00:00:00
S.251386,9,0.0,9,THERMAL,T1,10.2,WARNING,2023-11-26 00:00:00
407920,9,0.0,9,NORMAL,MIXED,10.0,WARNING,2024-01-21 00:00:00
554709,13,0.0,13,NORMAL,T2,10.0,WARNING,2024-06-21 00:00:00
57026,6,0.0,6,NORMAL,MIXED,10.0,WARNING,2024-04-24 00:00:00
5BK012201,7,0.0,7,STRAY_GASSING,MIXED,10.0,WARNING,2024-06-23 00:00:00
8545956,10,0.0,10,NORMAL,T1,10.0,WARNING,2023-12-08 00:00:00
890900049,5,0.0,5,NORMAL,T1,10.0,WARNING,2023-05-25 00:00:00
8P9100T1,7,0.0,7,STRAY_GASSING,MIXED,10.0,WARNING,2024-01-15 00:00:00
8R8397T2,5,0.0,5,STRAY_GASSING,MIXED,10.0,WARNING,2024-02-08 00:00:00
8R8410T2,6,0.0,6,STRAY_GASSING,MIXED,10.0,WARNING,2023-11-24 00:00:00
9374750101,6,0.0,6,STRAY_GASSING,MIXED,10.0,WARNING,2024-04-20 00:00:00
AE69040T1-3,12,0.0,12,STRAY_GASSING,MIXED,10.0,WARNING,2023-12-16 00:00:00
AN69003T1,6,0.0,6,STRAY_GASSING,MIXED,10.0,WARNING,2023-07-23 00:00:00
AN69003T2,5,0.0,5,STRAY_GASSING,MIXED,10.0,WARNING,2024-01-21 00:00:00
AQ69008T1-2,5,0.0,5,STRAY_GASSING,MIXED,10.0,WARNING,2024-02-15 00:00:00
AV69090T11,11,0.0,11,STRAY_GASSING,MIXED,10.0,WARNING,2023-12-08 00:00:00
5J8645T2,9,0.0,9,CELLULOSE,MIXED,9.8,WARNING,2024-01-18 00:00:00
8P8743T1,5,0.0,5,STRAY_GASSING,MIXED,9.8,WARNING,2023-10-06 00:00:00
103730,9,0.0,9,NORMAL,T2,9.600000000000001,WARNING,2024-03-23 00:00:00
574411,6,0.0,6,THERMAL,T1,9.6,WARNING,2024-02-12 00:00:00
574413,5,0.0,5,THERMAL,T1,9.6,WARNING,2024-02-12 00:00:00
8P9094T2,5,0.0,5,THERMAL,THERMAL_OIL,9.6,WARNING,2024-01-22 00:00:00
AE69025T7-1,8,0.0,8,THERMAL,THERMAL_OIL,9.6,WARNING,2024-05-11 00:00:00
AE69040T2-3,11,0.0,11,THERMAL,THERMAL_OIL,9.6,WARNING,2023-12-16 00:00:00
T933002,5,0.0,5,THERMAL,THERMAL_OIL,9.6,WARNING,2023-09-16 00:00:00
338030,5,0.0,5,NORMAL,T3,9.4,WARNING,2024-02-11 00:00:00
57024,6,0.0,6,NORMAL,MIXED,9.4,WARNING,2023-11-23 00:00:00
60538-002,6,0.0,6,THERMAL,T1,9.4,WARNING,2023-01-20 00:00:00
60542-001,8,0.0,8,NORMAL,MIXED,9.4,WARNING,2024-02-14 00:00:00
60841-001,6,0.0,6,NORMAL,MIXED,9.4,WARNING,2024-04-27 00:00:00
8R9763T1,5,0.0,5,STRAY_GASSING,MIXED,9.4,WARNING,2024-05-10 00:00:00
94428,17,0.0,17,NORMAL,T2,9.4,WARNING,2023-11-24 00:00:00
98900017,11,0.0,11,NORMAL,T2,9.4,WARNING,2024-03-04 00:00:00
EDP011302,5,0.0,5,NORMAL,T3,9.4,WARNING,2024-02-18 00:00:00
N407926,7,0.0,7,NORMAL,T1,9.4,WARNING,2024-04-29 00:00:00
57027,6,0.0,6,NORMAL,T3,9.2,WARNING,2024-04-22 00:00:00
7853301,9,0.0,9,NORMAL,MIXED,9.2,WARNING,2023-11-06 00:00:00
8946849,9,0.0,9,NORMAL,MIXED,9.2,WARNING,2023-11-26 00:00:00
8P9095T2,5,0.0,5,THERMAL,THERMAL_OIL,9.2,WARNING,2024-01-18 00:00:00
8S9483T2,4,0.0,4,THERMAL,THERMAL_OIL,9.2,WARNING,2023-05-25 00:00:00
A1E69002T3-2,5,0.0,5,NORMAL,MIXED,9.2,WARNING,2024-02-15 00:00:00
A1E69002T4-1,7,0.0,7,NORMAL,MIXED,9.2,WARNING,2024-04-28 00:00:00
A1E69002T4-2,7,0.0,7,NORMAL,MIXED,9.2,WARNING,2024-04-28 00:00:00
AG69095T221,11,0.0,11,STRAY_GASSING,MIXED,9.2,WARNING,2023-11-24 00:00:00
56045,5,0.0,5,NORMAL,MIXED,9.0,WARNING,2023-11-19 00:00:00
8134150102,12,0.0,12,THERMAL,THERMAL_OIL,9.0,WARNING,2024-02-08 00:00:00
8R8402T1,5,0.0,5,THERMAL,T1,9.0,WARNING,2024-04-29 00:00:00
9274720101,11,0.0,11,THERMAL,THERMAL_OIL,9.0,WARNING,2024-03-09 00:00:00
AG69005T2,10,0.0,10,STRAY_GASSING,MIXED,9.0,WARNING,2023-11-23 00:00:00
EDP011205,7,0.0,7,NORMAL,MIXED,9.0,WARNING,2024-01-27 00:00:00
EDP011907,6,0.0,6,NORMAL,MIXED,9.0,WARNING,2024-01-26 00:00:00
103712,12,0.0,12,NORMAL,MIXED,8.8,WARNING,2024-06-21 00:00:00
136704,5,0.0,5,STRAY_GASSING,MIXED,8.8,WARNING,2023-03-12 00:00:00
555272,7,0.0,7,STRAY_GASSING,MIXED,8.8,WARNING,2023-08-31 00:00:00
574418,6,0.0,6,STRAY_GASSING,MIXED,8.8,WARNING,2023-12-15 00:00:00
8P9095T1,5,0.0,5,STRAY_GASSING,MIXED,8.8,WARNING,2023-04-28 00:00:00
8P9097T1,8,0.0,8,STRAY_GASSING,MIXED,8.8,WARNING,2024-02-08 00:00:00
8R9911T8,3,0.0,3,STRAY_GASSING,MIXED,8.8,WARNING,2024-05-10 00:00:00
9711290103,10,0.0,10,NORMAL,MIXED,8.8,WARNING,2024-04-21 00:00:00
9812811102,7,0.0,7,NORMAL,T1,8.8,WARNING,2024-01-21 00:00:00
AE69025T1,7,0.0,7,STRAY_GASSING,MIXED,8.8,WARNING,2024-04-20 00:00:00
AG69095T121,10,0.0,10,STRAY_GASSING,MIXED,8.8,WARNING,2023-11-24 00:00:00
AQ69007T1,7,0.0,7,STRAY_GASSING,MIXED,8.8,WARNING,2024-04-20 00:00:00
AV69020T1,11,0.0,11,STRAY_GASSING,MIXED,8.8,WARNING,2024-02-08 00:00:00
11135210,10,0.0,10,NORMAL,T2,8.600000000000001,WARNING,2023-11-27 00:00:00
8946785,12,0.0,12,STRAY_GASSING,MIXED,8.6,WARNING,2024-06-11 00:00:00
8P9093T1,5,0.0,5,STRAY_GASSING,MIXED,8.6,WARNING,2024-02-18 00:00:00
8P9100T2,6,0.0,6,STRAY_GASSING,MIXED,8.6,WARNING,2024-01-15 00:00:00
91900008,8,0.0,8,STRAY_GASSING,MIXED,8.6,WARNING,2024-01-26 00:00:00
AV69020T2,8,0.0,8,STRAY_GASSING,MIXED,8.6,WARNING,2023-11-26 00:00:00
AV69090T12,11,0.0,11,STRAY_GASSING,MIXED,8.6,WARNING,2023-12-08 00:00:00
57030,5,0.0,5,CELLULOSE,MIXED,8.4,WARNING,2024-03-17 00:00:00
60538001,7,0.0,7,NORMAL,MIXED,8.4,WARNING,2023-11-25 00:00:00
7853996,14,0.0,14,NORMAL,MIXED,8.4,WARNING,2023-11-06 00:00:00
890900052,6,0.0,6,STRAY_GASSING,MIXED,8.4,WARNING,2024-02-11 00:00:00
103727,9,0.0,9,NORMAL,MIXED,8.2,WARNING,2024-02-10 00:00:00
103923,9,0.0,9,NORMAL,T1,8.2,WARNING,2023-07-01 00:00:00
110-73311,4,0.0,4,NORMAL,T1,8.2,WARNING,2023-11-24 00:00:00
528569,5,0.0,5,NORMAL,MIXED,8.2,WARNING,2023-03-12 00:00:00
5BA158903,7,0.0,7,NORMAL,T3,8.2,WARNING,2024-02-25 00:00:00
5BK014203,11,0.0,11,NORMAL,MIXED,8.2,WARNING,2024-01-22 00:00:00
88900013,11,0.0,11,NORMAL,T3,8.2,WARNING,2023-12-09 00:00:00
94427,17,0.0,17,NORMAL,T1,8.2,WARNING,2023-11-24 00:00:00
9711291102,10,0.0,10,NORMAL,MIXED,8.2,WARNING,2024-01-12 00:00:00
9912790103,7,0.0,7,NORMAL,MIXED,8.2,WARNING,2024-02-17 00:00:00
AG69095T431,6,0.0,6,NORMAL,MIXED,8.2,WARNING,2024-02-16 00:00:00
EDP011307,5,0.0,5,NORMAL,MIXED,8.2,WARNING,2023-03-17 00:00:00
GBK604205,10,0.0,10,NORMAL,MIXED,8.2,WARNING,2024-02-26 00:00:00
60492-003,6,0.0,6,STRAY_GASSING,MIXED,8.0,WARNING,2024-01-30 00:00:00
8P8747T2,5,0.0,5,STRAY_GASSING,MIXED,8.0,WARNING,2024-02-17 00:00:00
98900011,9,0.0,9,NORMAL,MIXED,8.0,WARNING,2023-11-12 00:00:00
9912790104,8,0.0,8,NORMAL,MIXED,8.0,WARNING,2024-02-24 00:00:00
508031,2,0.0,2,NORMAL,T3,7.999999999999999,WATCHLIST,2024-04-20 00:00:00
558036,8,0.0,8,NORMAL,MIXED,7.999999999999999,WATCHLIST,2024-01-14 00:00:00
5A1587001,6,0.0,6,NORMAL,MIXED,7.999999999999999,WATCHLIST,2024-02-17 00:00:00
60423,2,0.0,2,NORMAL,MIXED,7.999999999999999,WATCHLIST,2020-05-25 00:00:00
7128901702,3,0.0,3,NORMAL,MIXED,7.999999999999999,WATCHLIST,2024-06-04 00:00:00
5BK014202,11,0.0,11,NORMAL,MIXED,7.8,WATCHLIST,2024-01-22 00:00:00
8P9101T2,6,0.0,6,STRAY_GASSING,MIXED,7.8,WATCHLIST,2024-03-01 00:00:00
8P9104T1,4,0.0,4,STRAY_GASSING,MIXED,7.8,WATCHLIST,2023-07-10 00:00:00
8P9104T2,4,0.0,4,STRAY_GASSING,MIXED,7.8,WATCHLIST,2023-07-10 00:00:00
8R8395T1,5,0.0,5,NORMAL,T1,7.8,WATCHLIST,2024-06-23 00:00:00
8S9483T3,4,0.0,4,STRAY_GASSING,MIXED,7.8,WATCHLIST,2023-06-03 00:00:00
EDP011902,6,0.0,6,NORMAL,MIXED,7.8,WATCHLIST,2024-02-08 00:00:00
103729,8,0.0,8,NORMAL,MIXED,7.6000000000000005,WATCHLIST,2024-02-12 00:00:00
5BK012402,11,0.0,11,STRAY_GASSING,MIXED,7.6,WATCHLIST,2024-03-09 00:00:00
5BK013201,13,0.0,13,NORMAL,MIXED,7.6,WATCHLIST,2023-11-23 00:00:00
8R9911T2,6,0.0,6,STRAY_GASSING,MIXED,7.6,WATCHLIST,2023-03-13 00:00:00
9147504,7,0.0,7,NORMAL,MIXED,7.6,WATCHLIST,2023-05-25 00:00:00
9812810103,8,0.0,8,NORMAL,T1,7.6,WATCHLIST,2024-04-08 00:00:00
AE69040T1-1,12,0.0,12,STRAY_GASSING,MIXED,7.6,WATCHLIST,2023-12-16 00:00:00
AE69040T1-2,12,0.0,12,STRAY_GASSING,MIXED,7.6,WATCHLIST,2023-12-16 00:00:00
AN69001T12,3,0.0,3,NORMAL,T2,7.6,WATCHLIST,2024-03-16 00:00:00
AN69051T12,6,0.0,6,STRAY_GASSING,MIXED,7.6,WATCHLIST,2024-01-25 00:00:00
21784116,10,0.0,10,NORMAL,MIXED,7.4,WATCHLIST,2023-11-27 00:00:00
408527,13,0.0,13,NORMAL,MIXED,7.4,WATCHLIST,2024-02-15 00:00:00
7853302,9,0.0,9,NORMAL,MIXED,7.4,WATCHLIST,2023-11-06 00:00:00
8P8745T2,5,0.0,5,STRAY_GASSING,MIXED,7.4,WATCHLIST,2023-11-19 00:00:00
GBK600001,10,0.0,10,NORMAL,T1,7.4,WATCHLIST,2023-11-27 00:00:00
AG69095T435,7,0.0,7,STRAY_GASSING,MIXED,7.2,WATCHLIST,2024-03-05 00:00:00
566415,6,0.0,6,NORMAL,T1,7.199999999999999,WATCHLIST,2023-10-02 00:00:00
5A0178001,8,0.0,8,NORMAL,MIXED,7.199999999999999,WATCHLIST,2024-04-08 00:00:00
5BA159006,5,0.0,5,NORMAL,MIXED,7.199999999999999,WATCHLIST,2024-06-08 00:00:00
5BA159008,5,0.0,5,NORMAL,MIXED,7.199999999999999,WATCHLIST,2023-02-02 00:00:00
8044721,11,0.0,11,NORMAL,T2,7.199999999999999,WATCHLIST,2024-01-19 00:00:00
AE62590T4,3,0.0,3,NORMAL,T1,7.199999999999999,WATCHLIST,2024-04-29 00:00:00
AG69095T323,7,0.0,7,NORMAL,MIXED,7.199999999999999,WATCHLIST,2023-09-15 00:00:00
AN69001T11,6,0.0,6,NORMAL,T1,7.199999999999999,WATCHLIST,2023-06-16 00:00:00
GBK604901,5,0.0,5,NORMAL,MIXED,7.199999999999999,WATCHLIST,2024-02-02 00:00:00
H67440-06,6,0.0,6,NORMAL,MIXED,7.199999999999999,WATCHLIST,2024-02-04 00:00:00
103725,9,0.0,9,NORMAL,MIXED,7.0,WATCHLIST,2024-04-20 00:00:00
136702,4,0.0,4,STRAY_GASSING,MIXED,7.0,WATCHLIST,2023-06-03 00:00:00
421036,2,0.0,2,NORMAL,MIXED,7.0,WATCHLIST,2022-06-02 00:00:00
56044,6,0.0,6,NORMAL,T3,7.0,WATCHLIST,2024-01-12 00:00:00
573075,5,0.0,5,NORMAL,MIXED,7.0,WATCHLIST,2023-01-15 00:00:00
60476-001,6,0.0,6,NORMAL,MIXED,7.0,WATCHLIST,2023-10-07 00:00:00
8R8396T2,5,0.0,5,THERMAL,T1,7.0,WATCHLIST,2024-04-28 00:00:00
9812811101,8,0.0,8,NORMAL,MIXED,7.0,WATCHLIST,2022-09-12 00:00:00
N407924,8,0.0,8,NORMAL,T1,7.0,WATCHLIST,2024-04-29 00:00:00
N408032,10,0.0,10,NORMAL,T1,7.0,WATCHLIST,2023-11-27 00:00:00
N408034,10,0.0,10,NORMAL,MIXED,7.0,WATCHLIST,2024-06-04 00:00:00
408526,13,0.0,13,NORMAL,MIXED,6.800000000000001,WATCHLIST,2024-02-15 00:00:00
508032,2,0.0,2,NORMAL,MIXED,6.8,WATCHLIST,2024-03-10 00:00:00
52012,6,0.0,6,NORMAL,MIXED,6.8,WATCHLIST,2024-01-16 00:00:00
890900043,4,0.0,4,STRAY_GASSING,MIXED,6.8,WATCHLIST,2023-03-23 00:00:00
9047125,11,0.0,11,STRAY_GASSING,MIXED,6.8,WATCHLIST,2023-11-23 00:00:00
AN69001T21-1,5,0.0,5,NORMAL,T2,6.8,WATCHLIST,2023-09-15 00:00:00
103728,8,0.0,8,NORMAL,MIXED,6.6000000000000005,WATCHLIST,2024-02-12 00:00:00
8T9792T4,6,0.0,6,NORMAL,T2,6.6000000000000005,WATCHLIST,2024-01-21 00:00:00
338031,7,0.0,7,NORMAL,T2,6.6,WATCHLIST,2024-02-27 00:00:00
5BK014302,10,0.0,10,NORMAL,T2,6.6,WATCHLIST,2024-04-19 00:00:00
8T9792T1,6,0.0,6,CELLULOSE,MIXED,6.6,WATCHLIST,2024-03-03 00:00:00
9274730102,9,0.0,9,STRAY_GASSING,MIXED,6.6,WATCHLIST,2024-05-26 00:00:00
8P9099T2,6,0.0,6,STRAY_GASSING,MIXED,6.4,WATCHLIST,2024-02-18 00:00:00
AE69040T2-1,11,0.0,11,STRAY_GASSING,MIXED,6.4,WATCHLIST,2023-12-16 00:00:00
AE69040T2-2,11,0.0,11,STRAY_GASSING,MIXED,6.4,WATCHLIST,2023-12-16 00:00:00
AN69003T3-1,4,0.0,4,STRAY_GASSING,MIXED,6.4,WATCHLIST,2023-04-03 00:00:00
AQ69008T1-1,9,0.0,9,STRAY_GASSING,MIXED,6.4,WATCHLIST,2024-03-23 00:00:00
EDP001401,5,0.0,5,STRAY_GASSING,MIXED,6.4,WATCHLIST,2023-09-22 00:00:00
N407928,8,0.0,8,NORMAL,T1,6.3999999999999995,WATCHLIST,2024-04-29 00:00:00
573076,5,0.0,5,STRAY_GASSING,MIXED,6.2,WATCHLIST,2023-03-04 00:00:00
573078,8,0.0,8,STRAY_GASSING,MIXED,6.2,WATCHLIST,2023-03-19 00:00:00
574414,6,0.0,6,STRAY_GASSING,MIXED,6.2,WATCHLIST,2023-02-02 00:00:00
11155009,10,0.0,10,THERMAL,T1,6.0,WATCHLIST,2023-11-27 00:00:00
52011,6,0.0,6,NORMAL,T1,6.0,WATCHLIST,2024-02-09 00:00:00
AG69095T421,7,0.0,7,NORMAL,T2,6.0,WATCHLIST,2024-01-20 00:00:00
AN69051T23,6,0.0,6,NORMAL,MIXED,6.0,WATCHLIST,2024-02-09 00:00:00
95400,10,0.0,10,NORMAL,T1,5.800000000000001,WATCHLIST,2023-11-24 00:00:00
95768,14,0.0,14,NORMAL,MIXED,5.800000000000001,WATCHLIST,2023-12-16 00:00:00
9912790101,9,0.0,9,NORMAL,T2,5.800000000000001,WATCHLIST,2024-02-12 00:00:00
9912790102,8,0.0,8,NORMAL,MIXED,5.800000000000001,WATCHLIST,2024-02-17 00:00:00
103710,7,0.0,7,NORMAL,MIXED,5.8,WATCHLIST,2023-09-07 00:00:00
52015,6,0.0,6,NORMAL,T1,5.8,WATCHLIST,2024-03-02 00:00:00
52016,5,0.0,5,NORMAL,T1,5.8,WATCHLIST,2024-03-02 00:00:00
556261,7,0.0,7,NORMAL,T1,5.8,WATCHLIST,2024-04-29 00:00:00
5BK012901,10,0.0,10,NORMAL,MIXED,5.8,WATCHLIST,2023-11-24 00:00:00
5F9902T1,3,0.0,3,NORMAL,T2,5.8,WATCHLIST,2024-03-16 00:00:00
7412507701,11,0.0,11,NORMAL,MIXED,5.8,WATCHLIST,2023-11-19 00:00:00
9711290104,11,0.0,11,NORMAL,MIXED,5.8,WATCHLIST,2024-04-17 00:00:00
11135211,10,0.0,10,NORMAL,T1,5.6000000000000005,WATCHLIST,2023-11-27 00:00:00
GBK600005,10,0.0,10,NORMAL,MIXED,5.6000000000000005,WATCHLIST,2023-11-17 00:00:00
52014,6,0.0,6,NORMAL,T1,5.6,WATCHLIST,2024-02-24 00:00:00
AG69095T432,5,0.0,5,STRAY_GASSING,MIXED,5.6,WATCHLIST,2024-04-22 00:00:00
AG69095T436,6,0.0,6,NORMAL,T1,5.6,WATCHLIST,2024-01-29 00:00:00
GBK604203,9,0.0,9,NORMAL,MIXED,5.6,WATCHLIST,2024-02-26 00:00:00
EDP011905,5,0.0,5,NORMAL,MIXED,5.4,WATCHLIST,2024-01-31 00:00:00
408030,8,0.0,8,NORMAL,T1,5.2,WATCHLIST,2024-03-24 00:00:00
5003,5,0.0,5,STRAY_GASSING,MIXED,5.2,WATCHLIST,2024-01-31 00:00:00
AG69095T311,7,0.0,7,STRAY_GASSING,MIXED,5.2,WATCHLIST,2023-08-05 00:00:00
AG69095T332,6,0.0,6,STRAY_GASSING,MIXED,5.2,WATCHLIST,2023-08-05 00:00:00
GBK604902,3,0.0,3,NORMAL,MIXED,5.199999999999999,WATCHLIST,2024-06-22 00:00:00
8P9102T2,5,0.0,5,STRAY_GASSING,MIXED,5.0,WATCHLIST,2023-07-09 00:00:00
04900005,8,0.0,8,NORMAL,MIXED,4.8,WATCHLIST,2024-04-20 00:00:00
04900006,9,0.0,9,NORMAL,MIXED,4.8,WATCHLIST,2024-04-20 00:00:00
05900003,9,0.0,9,NORMAL,T1,4.8,WATCHLIST,2024-04-21 00:00:00
3900063,20,0.0,20,NORMAL,MIXED,4.8,WATCHLIST,2024-04-21 00:00:00
3A430001,2,0.0,2,NORMAL,MIXED,4.8,WATCHLIST,2023-01-22 00:00:00
52009,6,0.0,6,NORMAL,T1,4.8,WATCHLIST,2024-02-24 00:00:00
558022,9,0.0,9,NORMAL,T1,4.8,WATCHLIST,2024-04-19 00:00:00
573084,7,0.0,7,NORMAL,MIXED,4.8,WATCHLIST,2024-04-21 00:00:00
60541-001,5,0.0,5,NORMAL,MIXED,4.8,WATCHLIST,2024-03-30 00:00:00
7212507001,9,0.0,9,NORMAL,MIXED,4.8,WATCHLIST,2024-04-08 00:00:00
8P9090T1,5,0.0,5,NORMAL,T1,4.8,WATCHLIST,2024-03-15 00:00:00
91900019,8,0.0,8,NORMAL,MIXED,4.8,WATCHLIST,2023-11-24 00:00:00
AG69095T312,5,0.0,5,NORMAL,MIXED,4.8,WATCHLIST,2023-11-27 00:00:00
9816102101,11,0.0,11,NORMAL,T1,4.6000000000000005,WATCHLIST,2024-03-03 00:00:00
EDP011908,5,0.0,5,NORMAL,MIXED,4.6000000000000005,WATCHLIST,2024-01-26 00:00:00
573085,6,0.0,6,NORMAL,MIXED,4.6,WATCHLIST,2023-07-28 00:00:00
5A1588001,6,0.0,6,NORMAL,T1,4.6,WATCHLIST,2024-04-21 00:00:00
91900018,8,0.0,8,NORMAL,MIXED,4.6,WATCHLIST,2023-12-16 00:00:00
94429,17,0.0,17,NORMAL,MIXED,4.6,WATCHLIST,2023-11-24 00:00:00
98900015,8,0.0,8,NORMAL,T1,4.6,WATCHLIST,2024-03-10 00:00:00
AG69005T1,11,0.0,11,NORMAL,MIXED,4.6,WATCHLIST,2024-06-11 00:00:00
AX69026T4,11,0.0,11,NORMAL,MIXED,4.6,WATCHLIST,2024-06-21 00:00:00
890900051,3,0.0,3,NORMAL,MIXED,4.4,WATCHLIST,2023-05-21 00:00:00
98900012,11,0.0,11,NORMAL,T1,4.4,WATCHLIST,2023-11-12 00:00:00
AG69095T331,6,0.0,6,STRAY_GASSING,MIXED,4.4,WATCHLIST,2023-09-17 00:00:00
57020,7,0.0,7,NORMAL,T1,4.3999999999999995,WATCHLIST,2024-02-15 00:00:00
8P9103T1,5,0.0,5,NORMAL,MIXED,4.3999999999999995,WATCHLIST,2023-09-23 00:00:00
AN69051T22,6,0.0,6,NORMAL,T1,4.3999999999999995,WATCHLIST,2024-05-21 00:00:00
9711290101,12,0.0,12,NORMAL,MIXED,4.2,WATCHLIST,2024-02-13 00:00:00
EDP011202,5,0.0,5,NORMAL,MIXED,4.2,WATCHLIST,2024-02-04 00:00:00
11155008,10,0.0,10,NORMAL,MIXED,4.0,WATCHLIST,2023-11-27 00:00:00
56038,6,0.0,6,NORMAL,MIXED,4.0,WATCHLIST,2024-02-13 00:00:00
574405,8,0.0,8,STRAY_GASSING,MIXED,4.0,WATCHLIST,2023-11-26 00:00:00
8P9098T2,6,0.0,6,STRAY_GASSING,MIXED,4.0,WATCHLIST,2024-02-15 00:00:00
8P9102T1,6,0.0,6,STRAY_GASSING,MIXED,4.0,WATCHLIST,2023-07-09 00:00:00
A1E69002T3-1,6,0.0,6,NORMAL,T1,4.0,WATCHLIST,2024-03-10 00:00:00
A1Z69040T1-1,11,0.0,11,STRAY_GASSING,MIXED,4.0,WATCHLIST,2024-04-21 00:00:00
N408036,10,0.0,10,NORMAL,MIXED,4.0,WATCHLIST,2023-11-16 00:00:00
T943037,5,0.0,5,STRAY_GASSING,MIXED,4.0,WATCHLIST,2023-08-26 00:00:00
103726,7,0.0,7,NORMAL,MIXED,3.8000000000000003,NORMAL,2023-12-16 00:00:00
21784112,10,0.0,10,NORMAL,T1,3.6,NORMAL,2024-07-07 00:00:00
8329836,7,0.0,7,NORMAL,T1,3.6,NORMAL,2024-05-10 00:00:00
S 251385,10,0.0,10,NORMAL,T1,3.6,NORMAL,2024-01-26 00:00:00
103826,10,0.0,10,NORMAL,MIXED,3.5999999999999996,NORMAL,2023-11-24 00:00:00
3900062,19,0.0,19,NORMAL,T1,3.5999999999999996,NORMAL,2024-04-21 00:00:00
3A431001,5,0.0,5,NORMAL,MIXED,3.5999999999999996,NORMAL,2023-01-22 00:00:00
52013,5,0.0,5,NORMAL,MIXED,3.5999999999999996,NORMAL,2024-02-02 00:00:00
57031,4,0.0,4,NORMAL,MIXED,3.5999999999999996,NORMAL,2023-03-19 00:00:00
5J8645T1,9,0.0,9,NORMAL,T1,3.5999999999999996,NORMAL,2024-01-18 00:00:00
60494002,6,0.0,6,NORMAL,MIXED,3.5999999999999996,NORMAL,2023-07-14 00:00:00
7312504701,9,0.0,9,NORMAL,PD,3.5999999999999996,NORMAL,2023-11-26 00:00:00
8R9911T3,6,0.0,6,NORMAL,MIXED,3.5999999999999996,NORMAL,2023-03-13 00:00:00
AN69003T4-1,6,0.0,6,NORMAL,T1,3.5999999999999996,NORMAL,2024-05-24 00:00:00
56039,7,0.0,7,NORMAL,T3,3.4000000000000004,NORMAL,2024-03-25 00:00:00
8444652,1,0.0,1,NORMAL,MIXED,3.4000000000000004,NORMAL,2024-04-21 00:00:00
103711,12,0.0,12,NORMAL,MIXED,3.4,NORMAL,2024-06-21 00:00:00
5G8588T1,6,0.0,6,NORMAL,MIXED,3.4,NORMAL,2023-11-26 00:00:00
8P9089T1,9,0.0,9,NORMAL,T1,3.4,NORMAL,2024-04-28 00:00:00
05900002,9,0.0,9,NORMAL,MIXED,3.2,NORMAL,2024-04-21 00:00:00
573089,8,0.0,8,STRAY_GASSING,MIXED,3.2,NORMAL,2023-12-15 00:00:00
5BA159011,8,0.0,8,NORMAL,MIXED,3.2,NORMAL,2023-11-27 00:00:00
8P9091T2,6,0.0,6,NORMAL,MIXED,3.2,NORMAL,2024-03-17 00:00:00
AN69051T11,6,0.0,6,STRAY_GASSING,MIXED,3.2,NORMAL,2024-01-25 00:00:00
AX69026T2,7,0.0,7,STRAY_GASSING,MIXED,3.2,NORMAL,2024-04-20 00:00:00
GBK604204,9,0.0,9,NORMAL,MIXED,3.2,NORMAL,2024-02-26 00:00:00
8P9099T1,6,0.0,6,STRAY_GASSING,MIXED,3.0,NORMAL,2024-02-18 00:00:00
4710128,8,0.0,8,NORMAL,MIXED,2.8,NORMAL,2024-02-17 00:00:00
55013,11,0.0,11,NORMAL,MIXED,2.8,NORMAL,2024-03-04 00:00:00
9711291101,10,0.0,10,NORMAL,MIXED,2.6,NORMAL,2024-01-12 00:00:00
552428,11,0.0,11,NORMAL,T2,2.4,NORMAL,2024-06-21 00:00:00
60492-002,6,0.0,6,NORMAL,T1,2.4,NORMAL,2024-02-27 00:00:00
8345590,8,0.0,8,NORMAL,T1,2.4,NORMAL,2023-08-18 00:00:00
9147503,5,0.0,5,NORMAL,MIXED,2.4,NORMAL,2023-05-25 00:00:00
A1Z69040T4-1,10,0.0,10,NORMAL,MIXED,2.4,NORMAL,2024-02-18 00:00:00
GBK604201,7,0.0,7,NORMAL,MIXED,2.4,NORMAL,2024-03-24 00:00:00
T200762,5,0.0,5,NORMAL,MIXED,2.4,NORMAL,2023-06-01 00:00:00
52010,6,0.0,6,NORMAL,MIXED,2.2,NORMAL,2024-03-04 00:00:00
558020,9,0.0,9,NORMAL,T2,2.2,NORMAL,2024-04-19 00:00:00
5899718,2,0.0,2,NORMAL,T2,2.2,NORMAL,2020-01-23 00:00:00
5A0179003,6,0.0,6,NORMAL,T1,2.2,NORMAL,2024-04-09 00:00:00
8P9097T2,7,0.0,7,NORMAL,MIXED,2.2,NORMAL,2024-03-04 00:00:00
91900020,12,0.0,12,NORMAL,MIXED,2.2,NORMAL,2024-02-11 00:00:00
91900021,12,0.0,12,NORMAL,MIXED,2.2,NORMAL,2024-02-11 00:00:00
94169,12,0.0,12,NORMAL,MIXED,2.2,NORMAL,2024-02-19 00:00:00
T933027,5,0.0,5,NORMAL,T1,2.2,NORMAL,2023-09-22 00:00:00
3A429001,4,0.0,4,NORMAL,MIXED,2.0,NORMAL,2021-02-22 00:00:00
5J8777TI,8,0.0,8,STRAY_GASSING,MIXED,2.0,NORMAL,2024-02-15 00:00:00
9711292101,5,0.0,5,NORMAL,MIXED,2.0,NORMAL,2024-01-26 00:00:00
5BK013802,11,0.0,11,NORMAL,MIXED,1.6,NORMAL,2024-03-11 00:00:00
8444653,1,0.0,1,NORMAL,MIXED,1.6,NORMAL,2024-04-21 00:00:00
8444654,1,0.0,1,NORMAL,MIXED,1.6,NORMAL,2024-04-21 00:00:00
01900067,13,0.0,13,NORMAL,MIXED,1.2,NORMAL,2024-04-21 00:00:00
574412,10,0.0,10,NORMAL,MIXED,1.2,NORMAL,2024-04-12 00:00:00
8144950,9,0.0,9,NORMAL,MIXED,1.2,NORMAL,2023-12-15 00:00:00
8P9092T1,5,0.0,5,NORMAL,T1,1.2,NORMAL,2024-02-26 00:00:00
8R8199T1,5,0.0,5,NORMAL,MIXED,1.2,NORMAL,2024-02-04 00:00:00
8R8393T1,5,0.0,5,NORMAL,T1,1.2,NORMAL,2024-04-29 00:00:00
GBK604202,8,0.0,8,NORMAL,MIXED,1.2,NORMAL,2024-03-24 00:00:00
H67440-02,5,0.0,5,NORMAL,T1,1.2,NORMAL,2024-02-04 00:00:00
94170,15,0.0,15,NORMAL,MIXED,1.0,NORMAL,2024-02-19 00:00:00
11155010,10,0.0,10,NORMAL,T2,0.8,NORMAL,2023-11-27 00:00:00
573090,5,0.0,5,NORMAL,T2,0.8,NORMAL,2023-07-28 00:00:00
88900015,10,0.0,10,NORMAL,T2,0.8,NORMAL,2023-11-24 00:00:00
8T9792T2,6,0.0,6,NORMAL,T2,0.8,NORMAL,2024-03-03 00:00:00
136698,1,0.0,1,NORMAL,MIXED,0.0,NORMAL,2021-12-04 00:00:00
1G9579T1,1,0.0,1,NORMAL,T2,0.0,NORMAL,2023-04-28 00:00:00
5BA159009,9,0.0,9,NORMAL,MIXED,0.0,NORMAL,2024-02-02 00:00:00
5F9907T1,1,0.0,1,NORMAL,MIXED,0.0,NORMAL,2019-01-11 00:00:00
60547-001,5,0.0,5,NORMAL,T1,0.0,NORMAL,2024-01-30 00:00:00
7128901601,1,0.0,1,NORMAL,MIXED,0.0,NORMAL,2024-03-08 00:00:00
88900014,9,0.0,9,NORMAL,T1,0.0,NORMAL,2023-11-24 00:00:00
8R9911T6,6,0.0,6,NORMAL,MIXED,0.0,NORMAL,2024-02-17 00:00:00
8R9911T7,6,0.0,6,NORMAL,T1,0.0,NORMAL,2024-01-25 00:00:00
8T9669T4,6,0.0,6,NORMAL,T2,0.0,NORMAL,2024-01-26 00:00:00
9374760101,11,0.0,11,NORMAL,MIXED,0.0,NORMAL,2024-03-09 00:00:00
xxxx1,1,0.0,1,NORMAL,D1,0.0,NORMAL,2024-02-22 00:00:00
xxxx2,1,0.0,1,NORMAL,D1,0.0,NORMAL,2024-02-22 00:00:00
xxxx3,1,0.0,1,NORMAL,MIXED,0.0,NORMAL,2024-03-31 00:00:00
xxxx4,1,0.0,1,NORMAL,MIXED,0.0,NORMAL,2024-03-31 00:00:00
xxxx5,1,0.0,1,NORMAL,MIXED,0.0,NORMAL,2024-04-01 00:00:00
504006,21,0.047619047619047616,20,THERMAL,MIXED,14.8,CRITICAL,2024-04-10 00:00:00
94440,17,0.058823529411764705,16,NORMAL,MIXED,2.8,NORMAL,2023-11-24 00:00:00
60539-003,15,0.06666666666666667,14,NORMAL,MIXED,3.5999999999999996,NORMAL,2024-02-16 00:00:00
9374750103,13,0.07692307692307693,12,NORMAL,MIXED,4.6,WATCHLIST,2024-04-21 00:00:00
01900069,13,0.07692307692307693,12,NORMAL,T2,3.2,NORMAL,2024-04-21 00:00:00
3900061,24,0.08333333333333333,22,THERMAL,THERMAL_OIL,19.0,CRITICAL,2024-04-21 00:00:00
217914-01,12,0.08333333333333333,11,NORMAL,MIXED,9.0,WARNING,2024-06-11 00:00:00
5BK013001,12,0.08333333333333333,11,NORMAL,MIXED,7.199999999999999,WATCHLIST,2023-11-23 00:00:00
GBK600002,11,0.09090909090909091,10,CELLULOSE,MIXED,16.2,CRITICAL,2023-11-12 00:00:00
A1Z69040T1-2,11,0.09090909090909091,10,NORMAL,MIXED,5.199999999999999,WATCHLIST,2024-03-04 00:00:00
9711290102,10,0.1,9,CELLULOSE,MIXED,13.2,CRITICAL,2024-01-20 00:00:00
573077,10,0.1,9,THERMAL,T1,13.0,CRITICAL,2024-03-24 00:00:00
88900016,10,0.1,9,NORMAL,T1,3.5999999999999996,NORMAL,2023-11-24 00:00:00
8329835,10,0.1,9,NORMAL,MIXED,2.0,NORMAL,2024-05-10 00:00:00
338028,9,0.1111111111111111,8,NORMAL,MIXED,10.6,WARNING,2024-01-13 00:00:00
05900001,9,0.1111111111111111,8,CELLULOSE,MIXED,8.6,WARNING,2024-04-21 00:00:00
04900004,9,0.1111111111111111,8,NORMAL,T1,8.4,WARNING,2024-04-20 00:00:00
A1Z69040T4-2,9,0.1111111111111111,8,NORMAL,MIXED,4.8,WATCHLIST,2023-11-24 00:00:00
8R8408T2,9,0.1111111111111111,8,NORMAL,T1,4.6,WATCHLIST,2024-04-03 00:00:00
91900006,8,0.125,7,NORMAL,MIXED,7.199999999999999,WATCHLIST,2023-11-23 00:00:00
4710127,8,0.125,7,NORMAL,MIXED,6.4,WATCHLIST,2024-02-17 00:00:00
AN69001T22,7,0.14285714285714285,6,NORMAL,T2,7.199999999999999,WATCHLIST,2023-07-23 00:00:00
5A1592001,6,0.16666666666666666,5,CELLULOSE,MIXED,15.399999999999999,CRITICAL,2023-10-22 00:00:00
55005,12,0.16666666666666666,10,NORMAL,MIXED,8.2,WARNING,2023-11-27 00:00:00
5G8292T1,6,0.16666666666666666,5,NORMAL,MIXED,7.199999999999999,WATCHLIST,2023-11-27 00:00:00
GBK604903,6,0.16666666666666666,5,NORMAL,MIXED,1.2,NORMAL,2024-06-22 00:00:00
607025,6,0.16666666666666666,5,NORMAL,NORMAL,0.0,NORMAL,2023-05-10 00:00:00
92199,11,0.18181818181818182,9,THERMAL,T3,18.0,CRITICAL,2024-04-28 00:00:00
573069,5,0.2,4,THERMAL,T1,24.0,CRITICAL,2024-05-11 00:00:00
8P9086T1,5,0.2,4,NORMAL,T1,8.2,WARNING,2024-04-03 00:00:00
01900068,10,0.2,8,NORMAL,MIXED,3.5999999999999996,NORMAL,2024-04-21 00:00:00
608021,5,0.2,4,NORMAL,PD,0.0,NORMAL,2023-05-06 00:00:00
8144902,8,0.25,6,NORMAL,MIXED,9.0,WARNING,2024-05-10 00:00:00
608022,4,0.25,3,NORMAL,PD,0.0,NORMAL,2023-05-10 00:00:00
9711290105,8,0.25,6,NORMAL,NORMAL,0.0,NORMAL,2024-05-25 00:00:00
AG69095T131,11,0.36363636363636365,7,NORMAL,MIXED,8.2,WARNING,2024-03-09 00:00:00
A01644T1,2,0.5,1,NORMAL,MIXED,4.8,WATCHLIST,2021-05-03 00:00:00
